Key,Strings
Nav_Home,主页
Nav_ProductionLine,产线总览
Nav_AlarmCenter,报警中心
Nav_DeviceManager,设备管理
Nav_WorkOrder,工单管理
Nav_HistoryQuery,历史查询
Nav_Overview,生产复盘
Nav_Settings,设置
Nav_RuntimeMonitoring,运行监控
Nav_DeviceDetail,设备详情
Nav_Overview_Tip,最近24小时生产复盘
Status_Initial,初始
Status_Running,运行
Status_Alarm,报警
Status_Paused,待机
Status_Unknown,未知
Common_Save,保存设置
Common_Cancel,取消
Common_Language,语言
Common_RestartRequired,语言切换将在重启后生效。
Settings_DisplaySettings,显示设置
Settings_DisplayHint,调整看板标题与界面字号（大屏远距阅读）。
Settings_LanguageHint,界面语言（中文/英文/日文），默认中文，重启后生效。
Conn_Live,实时
Conn_Disconnected,未连接
Conn_Reconnecting,重连中
Conn_Stale,数据停滞
EventType_Triggered,触发
EventType_Recovered,恢复
EventType_ShiftChange,班次切换
Level_High,高
Level_Medium,中
Level_Low,低
Defect_Appearance,外观
Defect_Dimension,尺寸
Defect_Function,功能
Defect_Packaging,包装
Defect_Other,其他
Severity_Critical,严重
Severity_Major,一般
Severity_Minor,轻微
K001,良品率
K002,设备
K003,状态
K004,全部
K005,运行
K006,待机
K007,运行时长
K008,工单号
K009,时间稼动率
K010,待开始
K011,进行中
K012,已完成
K013,已中止
K014,件
K015,刷新
K016,报警
K017,目标节拍
K018,报警名称
K019,产品编码
K020,产品名称
K021,备注
K022,班次
K023,总产量
K024,设备筛选
K025,近24小时
K026,复制
K027,配方
K028,设备状态
K029,性能达标率
K030,报警描述
K031,读取
K032,读取 PLC 当前值；PLC 断线时不可用
K033,新增
K034,删除
K035,计划产量
K036,开始
K037,时间
K038,报警时长
K039,Siemens 批量 Int32 上限
K040,欧姆龙 FINS 读取切割长度
K041,绑定设备
K042,近1小时
K043,近4小时
K044,刷新（F5）
K045,实时活跃报警
K046,最近事件流
K047,合格产量
K048,PLC 地址
K049,当前工单
K050,实际节拍
K051,暂无产量数据
K052,暂无缺陷数据
K053,新增报警
K054,报警级别
K055,删除报警
K056,新增计数报警
K057,删除计数报警
K058,新增缺陷
K059,缺陷名称
K060,缺陷类别
K061,删除缺陷
K062,设备名称
K063,配方名称
K064,设备列表
K065,生成虚拟设备
K066,设备详情
K067,设备参数
K068,报警管理
K069,缺陷管理
K070,计数报警
K071,工单
K072,编辑
K073,工单详情
K074,请选择左侧工单查看详情
K075,计划时间
K076,完成
K077,中止
K078,本班次
K079,导出
K080,OK 产量(件)
K081,状态分布
K082,班次对比
K083,当前状态
K084,C良品率
K085,不良率
K086,筛选 High 级别报警
K087,筛选 Medium 级别报警
K088,筛选 Low 级别报警
K089,工单管理
K090,报警次数
K091,最长停机
K092,取消
K093,确定
K094,产量 / 不良
K095,运行 / 报警
K096,性能效率
K097,目标 / 实际
K098,综合停机
K099,PLC 连接
K100,累计断线
K101,复制机器码
K102,重新激活
K103,采集服务地址
K104,PLC 品牌
K105,端口
K106,Siemens 型号
K107,Siemens 数据格式
K108,Modbus 寄存器功能码
K109,Modbus 位功能码
K110,Modbus 数据格式
K111,PLC 批量读取最大数量
K112,批量读取允许地址空洞数
K113,看板标题
K114,启用新报警声音
K115,自动日报生成时间
K116,新增班次
K117,班次名称
K118,点击时钟图标选择时刻
K119,计划开始时间
K120,计划结束时间
K121,显示导航菜单
K122,报警中心
K123,显示全部设备报警
K124,搜索设备或报警名称
K125,活跃报警
K126,今日触发
K127,今日恢复
K128,最长持续
K129,影响设备
K130,最频繁报警
K131,高级
K132,中级
K133,低级
K134,活跃报警列表
K135,复制报警信息
K136,历史
K137,查看报警历史
K138,累计持续时间 Top 10
K139,报警排行列表
K140,保存失败 - 配置校验
K141,保存前发现以下配置问题：
K142,双击错误项可跳转到对应设备与选项卡。
K143,关闭
K144,未选择设备
K145,请从主页或产线页选择一台设备
K146,返回
K147,返回主页（Esc）
K148,不合格产量
K149,今日报警
K150,设备配置
K151,PLC 实时值
K152,OK计数
K153,NG计数
K154,产品
K155,进度
K156,无活跃工单
K157,节拍对比
K158,差距
K159,理论/实际
K160,OEE 分解
K161,状态时长分布
K162,查看历史
K163,当前无活跃报警
K164,设备当前运行正常
K165,最近报警事件
K166,缺陷占比
K167,导出报警 CSV
K168,导出当前设备全部报警到 CSV 文件（可用 Excel 编辑）
K169,导入报警 CSV
K170,从 CSV 文件导入报警（追加或替换当前设备报警列表）
K171,报警列表
K172,PLC 地址（如 M100）
K173,报警 PLC 地址
K174,计数报警列表
K175,计数报警名称
K176,PLC 地址（如 D300）
K177,计数报警 PLC 地址
K178,阈值上限
K179,计数报警阈值上限
K180,单位
K181,计数单位
K182,计数报警描述
K183,当前值：
K184,已超限
K185,清空计数报警当前值
K186,清空当前值
K187,缺陷列表
K188,PLC 地址（如 D200）
K189,缺陷 PLC 地址
K190,严重等级
K191,缺陷严重等级
K192,PLC 未连接，读取、写入和清零操作已禁用
K193,当前设备存在配置问题
K194,配置错误，点击定位
K195,基本参数
K196,目标周期（个 / 小时）
K197,目标周期
K198,PLC 地址配置
K199,OK 数量地址（如 D100）
K200,OK 数量 PLC 地址
K201,读取 OK 数量地址
K202,NG 数量地址（如 D102）
K203,NG 数量 PLC 地址
K204,读取 NG 数量地址
K205,状态地址（如 D104）
K206,状态 PLC 地址
K207,读取状态地址
K208,OEE 清零地址（如 D106）
K209,OEE 清零 PLC 地址
K210,班次切换或手动清零时向该地址写 1，由 PLC 程序清零本设备的 OK/NG 产量计数器。
K211,手动触发 OEE 清零
K212,清零
K213,向 PLC 写入清零指令；不可撤销且断线时不可用
K214,配方参数
K215,配方值（整数，写入 DWord）
K216,配方值
K217,配方地址（如 D500）
K218,配方 PLC 地址
K219,写入配方到 PLC
K220,写入 PLC
K221,写入配方到 PLC；请确认设备和地址后操作
K222,● 未保存
K223,搜索设备
K224,按状态筛选设备
K225,状态筛选
K226,地址冲突，点击定位
K227,无匹配的设备
K228,提示：调整搜索关键词或状态筛选条件
K229,新增设备
K230,删除选中的设备
K231,保存设备配置
K232,保存
K233,保存设备配置 (Ctrl+S)
K234,更多设备操作
K235,更多
K236,复制 / 导入 / 导出 / 恢复 / 虚拟
K237,复制选中的设备
K238,复制选中设备
K239,导入设备配置
K240,导入配置
K241,导出设备配置
K242,导出配置
K243,恢复上一版本配置
K244,恢复上一版本
K245,用上一次保存前的配置覆盖当前配置（需密码确认）
K246,生成 20 台虚拟设备用于预览（需密码确认）
K247,调整设备列表与设备详情的宽度
K248,选中后可在此处编辑设备参数、PLC 地址、报警与缺陷
K249,请选择设备或点击新增
K250,设备详情选项卡
K251,加载中
K252,历史查询
K253,快捷时间
K254,快捷时间选择
K255,自定义
K256,今天
K257,昨天
K258,近7天
K259,近30天
K260,上班次
K261,本周
K262,本月
K263,从
K264,查询起始时间
K265,至
K266,查询结束时间
K267,查询历史数据
K268,查询 (Ctrl+Enter)
K269,查询
K270,重置筛选条件
K271,清空筛选条件 (Ctrl+R)
K272,重置
K273,导出当前 Tab 数据为 CSV
K274,导出 CSV (Ctrl+E)
K275,班次筛选
K276,报警类型
K277,报警类型筛选
K278,从历史报警事件中动态生成
K279,产量查询 标签
K280,产量查询
K281,总 OK 产量
K282,总 NG 产量
K283,产量日志表
K284,NG 产量(件)
K285,未查询到符合条件的产量数据
K286,提示：尝试切换设备、放宽时间范围，或检查 PLC 采集是否正常
K287,状态时长 标签
K288,状态时长
K289,待机时长
K290,时长柱状图
K291,状态切换时间线
K292,状态转换记录表
K293,之前状态
K294,之后状态
K295,未查询到符合条件的状态转换记录
K296,提示：状态时长需选择具体设备，请检查设备筛选
K297,报警记录 标签
K298,报警记录
K299,触发次数
K300,恢复次数
K301,待恢复
K302,报警事件表
K303,事件类型
K304,未查询到符合条件的报警记录
K305,提示：尝试切换设备或放宽时间范围
K306,OEE 分析 标签
K307,OEE 分析
K308,OEE 综合
K309,OEE 指标
K310,趋势变化
K311,OK 产量
K312,NG 产量
K313,OEE 班次明细表
K314,班次开始
K315,选择设备和时间范围后点击「查询」，即可计算该时段的 OEE 指标。
K316,OEE = 良品率 × 性能达标率 × 时间稼动率
K317,缺陷帕累托（TOP5）
K318,暂无状态数据
K319,OEE 综合效率
K320,暂无 OEE 数据
K321,A时间稼动率
K322,B性能达标率
K323,当前生产状态
K324,当前速度
K325,件/h
K326,工单目标
K327,工单完成
K328,C良品率概览
K329,实时故障
K330,静音或恢复新报警闪烁
K331,静音/恢复新报警闪烁
K332,级别
K333,实时故障列表
K334,暂无活跃故障
K335,生产仪表板
K336,PLC 未连接
K337,PLC 已连接
K338,打开工单管理页
K339,查看详情
K340,查看当前选中设备的详情
K341,PLC 未连接，实时数据可能已过期
K342,生产复盘
K343,复盘设备选择
K344,选择要复盘的单台设备
K345,时间范围选择
K346,刷新复盘数据
K347,手动刷新 (F5)
K348,导出生产复盘报表
K349,导出报表
K350,导出当前时间范围的生产复盘报表
K351,导出生产复盘 PDF
K352,导出 PDF
K353,导出当前时间范围的生产复盘 PDF
K354,设备健康评分
K355,产品 / 批次
K356,当前配方
K357,配方值来自当前设备配置
K358,时间线选择
K359,复盘结论
K360,根据当前生产、设备与质量数据生成分析结论
K361,次
K362,峰值时段
K363,谷值时段
K364,周期对比
K365,当前设备与上一周期的变化
K366,当前总产量
K367,当前良品率
K368,当前 OEE
K369,产量趋势
K370,按时间范围查看产量变化
K371,Top 5 报警
K372,当前时间范围内的主要报警
K373,高频重复
K374,暂无报警记录
K375,设备状态时间线
K376,运行、暂停、报警与未知区间；点击格子查看该段产量与报警
K377,运行无产量
K378,当前设备明细
K379,所选设备的产量、运行时长与 OEE
K380,产量
K381,主要报警
K382,各班次产量与良品率差异
K383,产量构成
K384,报警密度
K385,目标达成
K386,暂无班次数据
K387,请在设置页配置班次
K388,OEE 损失拆解
K389,从性能、可用率和质量三个维度定位损失来源
K390,当前设备缺陷帕累托
K391,识别所选设备当前累计的主要质量问题
K392,暂无当前累计缺陷
K393,缺陷计数来自设备当前累计快照，不代表所选时间范围
K394,缺陷集中班次 / 时段
K395,停机分析
K396,基于当前设备状态和报警历史计算
K397,总停机时长
K398,平均报警时长
K399,时段产量热力图
K400,查看不同设备在各时段的产量分布
K401,暂无热力图数据
K402,设备未运行或未采集到产量
K403,设备名
K404,不良(件)
K405,产线总览
K406,按设备名搜索
K407,按设备名搜索 (Ctrl+F)
K408,排序
K409,报警优先
K410,默认
K411,产量↓
K412,报警中
K413,整体良品率
K414,加权 OEE
K415,当前班次：
K416,暂无设备
K417,请在设备管理中添加设备
K418,运行正常
K419,通信中断
K420,运行状态监控
K421,PLC 通信、采集循环与设备读取健康度
K422,刷新运行指标（F5）
K423,采集异常
K424,连续失败
K425,系统健康
K426,最近采集周期
K427,采集循环
K428,完成轮询
K429,平均周期
K430,最大周期
K431,配置轮询间隔
K432,历史写入频率
K433,实际采集周期包含 PLC 读取耗时和轮询等待时间。若最大周期持续高于配置间隔，建议检查 PLC 响应、网络或地址数量。
K434,设备读取
K435,配置设备数
K436,最近成功读取
K437,最近成功时间
K438,累计失败轮询
K439,最近成功读取表示上一轮至少成功读取到的设备数量；0 台时会触发断线判定或表示当前没有可读地址。
K440,PLC 通信详情
K441,连接端点
K442,断线持续
K443,连续失败重试
K444,采集质量与读取性能
K445,轮询成功率
K446,读取点数 / 配置
K447,最近成功设备
K448,最大采集周期
K449,采集成功率
K450,历史写入健康度
K451,待写入快照
K452,恢复文件
K453,最近成功写入历史
K454,写入失败次数
K455,数据库存储
K456,系统资源与数据一致性
K457,CPU / 内存
K458,程序运行时长
K459,GPU 使用率
K460,配置检查
K461,进程资源
K462,内存 / 磁盘
K463,磁盘剩余
K464,GPU 引擎负载
K465,阶段耗时
K466,批次计划
K467,设备级采集状态
K468,本轮采集
K469,读取配置
K470,轮询周期趋势
K471,最近 60 次刷新 · 单位 ms
K472,授权管理
K473,查看当前设备授权状态，必要时重新激活或备份授权信息。
K474,机器码：
K475,授权类型：
K476,激活时间：
K477,到期时间：
K478,激活码：
K479,复制激活码
K480,数据源与运行模式
K481,选择数据来源（本地采集 / 远程采集服务）与程序运行模式。
K482,数据采集模式
K483,远程模式连接 Kanban.Collector 采集服务，支持多屏共享同一数据源。
K484,本地采集（单机模式）
K485,本地采集模式
K486,远程采集（连接采集服务）
K487,远程采集模式
K488,Kanban.Collector 的 SignalR 地址，如 http://192.168.1.10:5129/hubs/kanban
K489,测试采集服务连接
K490,测试采集服务 SignalR 连接是否可达
K491,运行模式
K492,展示模式仅保留大屏页面并限制退出，适合车间屏端（保存后重启生效）。
K493,完整模式（展示 + 管理）
K494,完整模式
K495,展示模式（仅大屏页面）
K496,展示模式
K497,PLC 连接配置
K498,配置通信地址、采集频率和显示密度。
K499,连接与协议
K500,选择 PLC 品牌并配置通信参数。
K501,IP 地址
K502,PLC IP 地址
K503,PLC 端口
K504,连接超时（毫秒）
K505,PLC 连接超时（毫秒）
K506,连接超时
K507,Modbus 地址从 0 开始
K508,Modbus 寄存器功能码（3/4）
K509,Modbus 位功能码（1/2）
K510,采集策略
K511,调整批量读取、轮询和历史写入节奏。
K512,PLC 批量读取数量
K513,允许批次跨过的未配置逻辑地址数量，0 表示仅合并严格连续地址。
K514,批量读取地址空洞
K515,使用当前 IP 和端口测试 PLC 连接（不会影响正在运行的数据采集）
K516,轮询间隔（毫秒）
K517,PLC 数据采集轮询间隔（毫秒）
K518,轮询间隔
K519,历史写入间隔（扫描次数）
K520,历史数据写入间隔（扫描次数）
K521,历史写入间隔
K522,主页刷新间隔（毫秒）
K523,主页仪表板刷新间隔（毫秒）
K524,主页刷新间隔
K525,看板窗口/页面标题。屏端（Web 大屏）自动从采集服务拉取，无需逐屏配置
K526,界面语言
K529,界面字号（大屏远距可读性）
K530,界面字号缩放
K531,标准 100%
K532,大屏 115%
K533,超大屏 130%
K534,新报警触发时播放本机系统提示音；关闭后仍保留视觉提醒和历史记录
K535,启用自动日报
K536,自动生成单设备日报 PDF
K537,按设定时刻为每台有数据的设备生成上一自然日 PDF，文件保存在 Reports 目录
K538,到达该时刻后生成上一自然日单设备日报
K539,班次配置
K540,管理生产班次和时间范围。
K541,班次保存后立即生效，采集将在下一个轮询周期使用；当前班次可能被重新判定。
K542,删除此班次
K543,班次开始时间
K544,结束
K545,班次结束时间
K546,暂无班次
K547,点击右上角「新增班次」开始配置
K548,取消修改
K549,恢复默认
K550,保存设置
K551,保存设置 (Ctrl+S)
K552,工单编辑
K553,计划产量（件）
K554,工单列表
K555,搜索工单号/产品/设备
K556,计划时间从
K557,计划时间至
K558,工单排程排序
K559,按计划时间或状态排序
K560,仅超期
K561,仅达标
K562,有 NG
K563,工单号 / 产品
K564,已生产
K565,点击下方「新增」或调整筛选条件
K566,未找到匹配的工单
K567,复制当前工单并创建新的待开始工单
K568,刷新产量
K569,查询所有工单的产量数据并更新列表进度
K570,导出当前筛选结果到 CSV 文件
K571,生成样本
K572,生成样本工单用于预览（需密码确认）
K573,调整工单列表与工单详情的宽度
K574,支持搜索工单号、产品名称或设备名快速定位
K575,不良产量
K576,达成率
K577,折叠展开侧边栏
K578,折叠/展开侧边栏
K579,看板系统
K580,累计断线次数
K581,授权状态
K582,主导航
M001,安全验证
M002,未找到 Microsoft YaHei 中文字体，无法生成 PDF
M003,所选文件中没有设备数据
M004,未找到上一版本备份文件
M005,备份文件为空或无效
M006,已删除工单
M007,报警信息已复制
M008,已删除设备
M009,保存成功
M010,密码错误，已取消恢复操作
M011,当前 Tab 无数据可导出
M012,● 达标
M013,通信中断
M014,采集已停止
M015,试用授权
M016,激活成功
M017,机器码已复制到剪贴板
M018,复制失败，请手动记录机器码
M019,当前未激活，无激活码可复制
M020,激活码已复制到剪贴板
M021,复制失败，请手动记录激活码
M022,至少保留一个班次
M023,设置已保存
M024,采集服务参数已同步（轮询/班次/PLC 连接已对采集进程生效）
M025,已取消未保存修改
M026,确定恢复设置默认值吗？当前未保存修改将被覆盖。
M027,已恢复默认值，请点击保存设置后生效
M028,看板标题不能为空
M029,IP 地址不能为空
M030,PLC 数据格式无效
M031,已中止
M032,已达标待完成
M033,已超期未完成
M034,当前筛选结果为空，无可导出的工单
M035,请先在设备管理页添加设备
M036,提示
M037,错误
M038,确认
M039,警告
M040,全部
M041,待开始
M042,进行中
M043,已完成
M044,全部设备
M045,状态
M046,C良品率
M047,B性能达标率
M048,A时间稼动率
F001,"CSV 共 {0} 行，{1} 行校验失败将跳过。
"
F002,DWord {0} ms · M位 {1} ms · 缺陷 {2} ms · 计数报警 {3} ms · 历史 {4} ms
F003,Modbus UnitId 必须在 1-247 之间，当前值: {0}
F004,Modbus 位功能码必须为 1 或 2，当前值: {0}
F005,Modbus 寄存器功能码必须为 3 或 4，当前值: {0}
F006,OEE 为 {0:P1}，{1} {2:P0} 目标
F007,OEE 历史查询失败：{0}
F008,OEE 清零地址格式无效（需要 D 字地址）: {0}
F009,PDF 导出失败：{0}
F010,PLC 已断开 · {0}
F011,PLC 已断开（IP:{0}）· 第 {1} 次重试
F012,PLC 已重连，断线时长 {0}
F013,PLC 批量读取地址空洞必须在 0-16 之间，当前值: {0}
F014,PLC 批量读取数量必须在 1-1024 之间，当前值: {0}
F015,PLC 正在连接 · {0}
F016,PLC 超时必须在 100-60000 毫秒之间，当前值: {0}
F017,Siemens Rack 必须在 0-7 之间，当前值: {0}
F018,Siemens Slot 必须在 0-31 之间，当前值: {0}
F019,Siemens 批量 Int32 上限必须在 1-55 之间，当前值: {0}
F020,"
  ...（共 {0} 条）"
F021,{0}：产量 {1} 件 · 良品率 {2} · OEE {3}
F022,{0} 个地址
F023,{0} 台 · 运行 {1} · 报警 {2} · 待机 {3} · 初始 {4}
F024,{0} / {1} 个地址
F025,{0}不能为空
F026,{0}必须在 {1}-{2} 之间
F027,{0}必须是整数
F028,{0:N0} 件
F029,{0:N0} / {1:N0} 件
F030,{0:N0} 件
F031,{0} 当前值: {1}
F032,"{0} · {1}
级别：{2}
触发时间：{3:yyyy-MM-dd HH:mm:ss}
持续时间：{4}"
F033,{0}（{1}次）
F034,{0}（{1}，自 {2:MM-dd HH:mm}）
F035,{0} {1:F0} 分钟（{2:HH:mm}–{3:HH:mm}）
F036,{0} 件 / {1} 件
F037,{0}+{1} / {2:F0} 件
F038,{0} · 目标 {1:N0} 件
F039,{0} 副本
F040,{0}（{1}次，{2:P0}）
F041,{0}产量最高，共 {1:N0} 件，良品率 {2:P1}
F042,· 到期 {0:yyyy-MM-dd}
F043,↓突降 {0:HH:mm}
F044,⏳ 待恢复时长 Top：{0}
F045,⏸ 待机占比 {0:P0}，高于阈值 {1:P0}
F046,▲ 快 {0:F2}s
F047,▼ 慢 {0:F2}s
F048,⚠ {0:HH:mm} 产量突降 {1:P0}（{2} 件 → {3} 件）
F049,⚠ 报警占比 {0:P0}，高于阈值 {1:P0}
F050,⚠ 检测到 {0} 次突降，最严重 @ {1:HH:mm} 降 {2:P0}（{3} 件 → {4} 件）
F051,⚠ 瓶颈因子：{0} 仅 {1:P1}，是 OEE 的主要拖累项
F052,⚡ 连锁触发：{0}（在 5 分钟窗口内出现 {1} 次）
F053,✓ 三项指标均衡（{0:P0} / {1:P0} / {2:P0}），OEE = {3:P1}
F054,一般{0}
F055,上一班次（{0}）
F056,不支持的 PLC 品牌: {0}
F057,不支持的 Siemens 型号: {0}
F058,严重{0}
F059,主要缺陷为 {0}（{1}），当前累计 {2:N0} 件，占当前缺陷 Top10 的 {3:F1}%
F060,产量 {0} · 良品率 {1} · OEE {2}
F061,产量 {0:N0} · 报警 {1} 次
F062,产量 {0:N0} · 良品率 {1:P1} · OEE {2:P1}
F063,产量历史查询失败：{0}
F064,产量平稳波动，均值 OK ≈ {0:F0} 件，峰值 {1} 件 @ {2:HH:mm}
F065,低于最佳班次 {0:P0}{1}
F066,保存失败: {0}
F067,保存失败：发现 {0} 处配置问题，请在设备参数表单中修正
F068,停止采集服务失败：{0}
F069,共 {0:N0} 条 · 第 {1}/{2} 页
F070,写入失败: {0}
F071,写入异常: {0}
F072,写入成功 ({0:HH:mm:ss})
F073,刷新报警统计失败: {0}
F074,剩余 {0:F1} GB
F075,历史写入间隔不能小于 1，当前值: {0}
F076,历史数据写入失败：{0}
F077,历史查询失败：{0}
F078,发现 {0} 项问题
F079,可用率 {0:P1}，损失 {1:P1}
F080,地址冲突「{0}」被 {1} 台设备共用：
F081,地址冲突：{0}
F082,地址格式无效（需要 D 字地址）: {0}
F083,地址格式无效（需要 D 字地址）: {0}
F084,备份文件读取或解析失败: {0}
F085,复盘数据加载失败: {0}
F086,"失败明细：
  · {0}"
F087,失败：{0}
F088,存在 · {0}
F089,导入将用文件中的 {0} 台设备替换当前 {1} 台设备配置，且不会自动保存到磁盘。是否继续？
F090,导出失败: {0}
F091,"将导入 {0} 条报警到当前设备（现有 {1} 条）。
"
F092,"将用 20 台虚拟设备替换当前 {0} 台设备配置，当前未保存的改动会丢失。是否继续？
（替换后请点击保存以持久化）"
F093,工单 {0} 产量已达标（{1:N0} / {2:N0} 件）
F094,工单 {0} 已中止
F095,工单 {0} 已完成
F096,工单 {0} 已开始
F097,工单号「{0}」已存在（工单 Id={1}），请使用唯一工单号
F098,已刷新 {0} 条工单的产量数据
F099,已复制工单 {0}
F100,已复制设备「{0}」为「{1}」
F101,已导入 {0} 台设备，请点击保存以持久化
F102,"已导入 {0} 条报警（{1} 行跳过）。
"
F103,已导入 {0} 条报警，请点击保存以持久化
F104,已导出 {0} 条 → {1}
F105,已导出 {0} 台设备到 {1}
F106,已导出 {0} 条工单 → {1}
F107,已导出 {0} 条报警 → {1}
F108,已恢复上一版本（{0} 台设备），请点击保存以持久化
F109,已新增工单 {0}
F110,已更新工单 {0}
F111,已清空「{0}」当前值
F112,已激活 · {0:yyyy-MM-dd}
F113,已激活 · 到期 {0:yyyy-MM-dd}
F114,已生成 {0} 台虚拟设备，请点击保存以持久化
F115,已生成 {0} 条样本工单
F116,已触发「{0}」OEE 清零
F117,已运行 {0}  ·  剩余 {1}
F118,库 {0} · WAL {1}
F119,应用设置保存失败：{0}
F120,当前 {0} / 阈值 {1}
F121,当前已有 {0} 条工单，将追加生成 {1} 条样本工单。是否继续？
F122,当前班次：{0}
F123,当前范围共触发 {0:N0} 次报警，请结合 Top 5 报警确认主要停机来源
F124,性能率 {0:P1}，损失 {1:P1}
F125,成功：{0}
F126,报表导出失败：{0}
F127,报警{0}
F128,报警「{0}」地址
F129,报警历史查询失败：{0}
F130,报警突增：当前 {0} 次，上一周期 {1} 次
F131,数据已停滞 {0}s，PLC 采集可能卡死
F132,数据已停滞 {0}s，采集服务可能卡死
F133,"数据库/采集初始化失败，部分功能可能不可用：

{0}"
F134,文件读取或解析失败: {0}
F135,新设备{0}
F136,无效的 IP 地址: {0}
F137,无法识别的 {0} 地址: {1}
F138,最长停机为 {0:F1} 小时，设备：{1}，报警：{2}
F139,最长待机 {0:F0} 分钟（{1:HH:mm}–{2:HH:mm}）
F140,最长运行 {0:F0} 分钟（{1:HH:mm}–{2:HH:mm}）
F141,"有效 {0} 条报警将导入到当前设备（现有 {1} 条）。
"
F142,期望 {0} 类型地址，当前为 {1}
F143,"未导入任何报警：
  · {0}"
F144,未知查询 Tab：{0}
F145,机器码：{0}
F146,"机器码：{0}
授权与当前机器不匹配"
F147,"机器码：{0}
授权已过期，请重新激活"
F148,"机器码：{0}
检测到系统时间异常"
F149,"机器码：{0}
永久授权"
F150,"机器码：{0}
激活码：{1}
到期：{2:yyyy-MM-dd}"
F151,"机器码：{0}
试用期剩余 {1} 天"
F152,"机器码：{0}
试用期已过期，请激活"
F153,查询产量数据失败: {0}
F154,查询失败: {0}
F155,查询报警事件失败: {0}
F156,欧姆龙 FINS 读取切割长度必须在 1-999 之间，当前值: {0}
F157,正在连接 {0}:{1} …
F158,正在连接 {0} …
F159,正在连接采集服务 · {0}
F160,清空失败: {0}
F161,清空异常: {0}
F162,清零异常: {0}
F163,激活成功{0}。
F164,状态 {0}
F165,状态历史查询失败：{0}
F166,班次{0}
F167,生产复盘 PDF 已导出：{0}
F168,生产复盘报表已导出：{0}
F169,目标 {0:F0} 件/桶
F170,目标 {0:P0}
F171,目标 {0:P2}
F172,目标 {0} 件/h
F173,确定中止工单「{0}」吗？中止后不可恢复为 Running。
F174,确定删除工单「{0}」（{1}）吗？此操作不可恢复。
F175,确定删除设备「{0}」吗？关联的报警、缺陷和计数报警将一并移除。此操作不可撤销。
F176,"确定手动清零「{0}」的 OEE 吗？
将清零该设备的 OK/NG 产量、运行/报警/待机累计时间及报警状态，且无法撤销。"
F177,"确定清空计数报警「{0}」的当前值吗？
将向 PLC 写入复位指令并清零软件侧当前值，操作不可撤销。"
F178,"程序启动失败，即将退出：

{0}"
F179,端口号必须在 1-65535 之间，当前: {0}
F180,端口号必须在 1-65535 之间，当前值: {0}
F181,第 {0} 行：PLC 地址 '{1}' 应为 M 位类型，当前为 {2}
F182,第 {0} 行：PLC 地址 '{1}' 无效 - {2}
F183,第 {0} 行：PLC 地址为空
F184,第 {0} 行：报警名称为空
F185,第 {0} 行：报警级别 '{1}' 无效（应为 Low/Medium/High）
F186,线程 {0} · 句柄 {1:N0}
F187,统计范围：{0:yyyy-MM-dd HH:mm:ss} ~ {1:yyyy-MM-dd HH:mm:ss}
F188,缺陷{0}
F189,缺陷「{0}」地址
F190,缺陷率突增：当前 {0} 个，上一周期 {1} 个
F191,自动日报服务停止失败：{0}
F192,良品率 {0:P1} / 目标 {1:P0} · OEE {2:P1} / 目标 {3:P0}
F193,良品率 {0:P1}，损失 {1:P1}
F194,良品率为 {0:P1}，{1} {2:P0} 目标
F195,节拍异常：实际 {0:F1} 件/小时，低于目标 {1:F0} 件/小时的 80%
F196,触发于 {0:HH:mm:ss} · {1}
F197,警告：{0}
F198,计数报警{0}
F199,计数报警「{0}」地址
F200,设备「{0}」的计划时间与工单 {1} 重叠（{2:MM-dd HH:mm} ~ {3:MM-dd HH:mm}）
F201,设备「{0}」{1}无效：{2}
F202,设备「{0}」报警名重复：「{1}」
F203,设备「{0}」未配置：{1}
F204,设备「{0}」目标周期必须 > 0（当前 {1}）
F205,设备「{0}」缺陷名重复：「{1}」
F206,设备「{0}」计数报警「{1}」阈值上限必须 > 0（当前 {2}）
F207,设备「{0}」重复报警 PLC 地址：「{1}」，同一设备内报警地址必须唯一
F208,设备「{0}」已有进行中工单 {1}，请先完成或中止
F209,设备名重复：「{0}」（{1} 台），设备名必须唯一
F210,设备数据保存失败：{0}
F211,试用 · 剩 {0} 天
F212,试用期内 · 剩 {0} 天
F213,试用期内，剩余 {0} 天。输入激活码以完成授权。
F214,试用期内，剩余 {0} 天。请在设置页输入激活码完成授权。
F215,试用期已过期（{0} 天），请输入激活码继续使用。
F216,读取失败: {0}
F217,读取异常: {0}
F218,轮询间隔不能小于 50ms，当前值: {0}
F219,轻微{0}
F220,运行无产量：{0:HH:mm:ss}-{1:HH:mm:ss} 持续 {2:F0} min
F221,进程 {0:F0} MB · 可用 {1:F0} MB
F222,连接失败：{0}
F223,连接失败：{0}
F224,连接异常：{0}
F225,连接成功（{0}:{1}）
F226,连接超时（5 秒无响应），请检查 IP 和端口
F227,连续失败 {0} 次
F228,"选择导入方式：
  · 是 = 替换（清空现有后导入）
  · 否 = 追加（保留现有，同地址覆盖）
  · 取消 = 放弃导入"
F229,配方值 {0} 超出合理范围（0-999999）
F230,配方地址格式无效: {0}
F231,采集服务参数同步失败（本地已保存）：{0}
F232,采集服务已断开 · {0}
F233,采集服务已断开（{0}）· 第 {1} 次重试
F234,采集服务已重连，断线时长 {0}
F235,释放 Collector 连接失败：{0}
F236,重建 {0} 次 · 最近 {1} ms
F237,错误：{0}
F238,，{0} 是主要拖累项（{1:P0} vs {2:P0}）
F239,📈 峰值出现在 {0:HH:mm}（OK={1} 件，高于均值 {2:P0}）
F240,📉 谷值出现在 {0:HH:mm}（OK={1} 件，低于均值 {2:P0}）
F241,📊 {0} 表现最佳 ({1:P1})，{2} 偏低 ({3:P1})
F242,🔥 Top 报警：{0}
F243,🔻 差班次：{0} @ {1}（OEE {2:P0}），
F244,{0:N0} 件
F245,{0} 件
F246,{0} 件/h
F247,{0:N0} 次
F248,共 {0} 台设备
F249,最后刷新 {0:HH:mm:ss}
F250,更新于 {0:HH:mm:ss}
F251,达成率 {0:P0}
F252,目标达成 {0:P1}
F253,状态: {0}
F254,运行 {0:F1}h
F255,待机 {0:F1}h
F256,报警 {0:F1}h
F257,合格 {0:N0}
F258,不合格 {0:N0}
F259,显示 {0} 条
F260,超期 {0}
F261,达标 {0}
F262,有NG {0}
F263,计划冲突 {0}
F264,配方值 {0}
F265,上班次·{0}
F266,总数 {0}
F267,{0:F1} 件/h
F268,按小时产量（{0}）
F269,类型 {0}
F270,主要 {0}
F271,较上班次 {0} 件
F272,不良 {0:N0} 件
F273,合计（{0} 台）
F274,重复 {0} 次
F275,间隔 {0:F0} min
F276,前后产量差 {0:N0}
F277,已恢复 {0}
F278,/ 待处理 {0}
F279,最近发生：{0:HH:mm:ss}
F280,采集服务运行：{0}
F281,平均 {0:F1} ms
F282,失败轮询 {0:N0} 次
F283,每 {0} 次轮询
F284,刷新于 {0:HH:mm:ss}
F285,当前 {0}
F286,上限 {0}
F287,查看 {0} 详情
F288,删除班次 {0}
F289,状态字: {0}
F290,检测到 {0} 处跨设备地址冲突，保存时将提示定位
F291,{0} 次
F292,{0}件/h · {1:F1}s
K583,暂无数据
M049,未断线
M050,Collector 未连接
M051,进入远程采集模式
M052,无积压
M053,配置正常
M054,不可用
M055,暂无运行工单
M056,暂无产品信息
M057,暂无配方信息
M058,上一周期
M059,点击任一状态时段查看对应报警与产量
M060,当前筛选无匹配报警
M061,暂无活跃故障
M062,就绪
M063,实时数据 · 今日报警 · 近24小时产量
M064,请输入采集服务地址
M065,连接成功（采集服务可达）
M066,小时
M067,按小时产量
M069,采集设置已同步
M070,服务断开
M071,PLC断开
M072,无数据
M073,设备名
M074,有未保存修改
M075,已保存
M076,测试中...
M077,测试连接
M078,保存中...
M079,保存设置
M080,计划开始时间
M081,计划结束时间
M082,状态 + 计划时间
M083,创建时间
M084,请选择工单
M085,仅待开始工单可启动
M086,该设备已有进行中工单
M087,启动工单
M088,仅进行中工单可完成
M089,完成工单并保存产量快照
M090,已完成或已中止工单不可中止
M091,中止后不可恢复为进行中
M092,已达标完成
M093,未达标完成
M094,进度落后
M095,正常生产
M096,尚未查询
M097,查询失败
M098,未找到数据
M099,全部班次
M100,全部设备
M101,起始时间不能晚于结束时间
M102,当前范围未采集到历史数据
M103,当前范围仅有状态数据，暂无产量记录
M104,当前范围有产量记录，暂无报警记录
M105,产量、状态和报警数据均已采集
M106,当前班次
M107,上一班次
M108,今日
M109,近8小时
M110,未配置班次
M111,未匹配班次
M112,达到
M113,低于
M114,当前时间范围没有足够的产量或报警数据生成复盘结论
M115,非班次时段
M116,导出生产复盘报表
M117,导出生产复盘 PDF
M118,确认删除
M119,确认导入
M120,确认导入报警
M121,配置验证警告
M122,配置文件损坏
M123,正在加载配置
M124,正在启动数据采集
M125,运行中（远程采集）
M126,数据库已就绪
M127,正在升级历史数据库
M128,部分功能不可用
M129,运行中
M130,启动失败
M131,配置文件存在以下问题，部分功能可能不可用
M132,建议进入「设置」页修改后保存
M133,正在启动
M134,采集服务已连接
M135,已激活 · 永久授权
M136,试用期已过期
M137,试用期异常（检测到时间篡改）
M138,授权已过期
M139,授权与当前机器不匹配
M140,未激活
M141,输入新的激活码以替换当前授权。
M142,试用期已过期，请输入激活码继续使用。
M143,授权已过期，请输入新的激活码。
M144,授权与当前机器不匹配，请重新激活。
M145,请输入激活码以继续使用。
M146,班次配置变更提示
M147,班次名称不能为空
M148,最多 {0} 个班次
M149,恢复默认设置
M150,时间稼动率 = 实际运行时间 / 计划运行时间
M151,性能达标率 = 实际产量 / 理论产量
M152,良品率 = 合格品 / 总产量
M153,OEE = 时间稼动率 × 性能达标率 × 良品率
M154,加载完成
M155,刷新完成
M156,正在刷新
M157,刷新失败
M158,加载失败
M159,正在加载
M160,暂无设备
M161,未配置地址
M162,未配置
M163,本轮成功
M164,本轮失败
M165,初始/未连接
M166,地址冲突「
M167,恢复上一版本将覆盖当前未保存的设备配置，请输入密码以继续：
M168,请输入密码以生成虚拟设备：
M169,生成虚拟设备
M170,正在执行 PLC 操作...
M171,确认 OEE 清零
M172,已取消
M173,设备配置有未保存的修改，确定退出吗？\n未保存的修改将在退出后丢失。
M174,未保存的修改
M175,确认清空计数报警
M176,无洞察
M177,🔴 长报警
M178,最长报警
M179,PLC 未连接，无法写入配方
M180,未配置配方地址
M181,PLC 未连接，无法执行清零
M182,未配置 OEE 清零地址
M183,用户取消
M184,清零失败
M185,地址为空
M186,PLC 未连接，无法读取
M187,操作超时
M188,PLC 未连接，无法清空
M189,产量趋势图
M190,产量(件)
M191,OK 产量
M192,NG 产量
M193,良品率趋势图
M194,性能趋势图
M195,时间稼动率趋势图
M196,缺陷分布图
M197,班次产量对比
M198,数量
M199,报警时长排行
M200,停机分析图
M201,节拍对比图
M202,百分比
M203,时间
M204,持续时间(分钟)
M205,设备
M206,产量
M207,报警
M208,待机
M209,报警次数
M210,报警时长(分钟)
M211,停机时长(分钟)
M212,速度(件/小时)
M213,目标
M214,实际
M215,差距
M216,数量
M217,百分比(%)
M218,合格
M219,不合格
M220,小时
M221,CSV 文件 (*.csv)|*.csv|所有文件 (*.*)|*.*
M222,导出报警配置
M223,导入报警配置
M224,替换现有报警并导入
M225,JSON 文件 (*.json)|*.json|所有文件 (*.*)|*.*
M226,导出设备配置
M227,导入设备配置
M228,OK 数量地址
M229,NG 数量地址
M230,状态地址
M231,OEE 清零地址
M232,OK 数量地址
M233,NG 数量地址
M234,OEE 清零地址
M276,OEE 清零地址
M275,OEE 清零地址
M274,OEE 清零地址
M273,OEE 清零地址
M235,配方地址
M236,性能率
M237,可用率
M238,良品率
M239,生产复盘报表
M240,"指标,数值"
M241,总合格产量
M242,总不合格产量
M243,良品率
M244,运行时长
M245,待机时长
M246,报警时长
M247,报警次数
M248,设备明细
M249,"设备,合格产量,不良产量,良品率,OEE,运行时长,待机时长,报警时长,报警次数,主要报警"
M250,班次对比
M251,"班次,合格产量,不良产量,总产量,良品率,报警次数,报警密度"
M252,Top 报警
M253,"报警名称,设备,触发次数,累计时长"
M254,核心指标
M255,产量趋势
M256,OEE 损失拆解
M257,周期对比
M258,停机分析
M259,生产热力图
M260,当前变化
M261,字段
M262,缺陷 
M263,断线
M264,累计时长
M265,指标
M266,数值
M267,目标产量
M268,目标达成率
M269,缺陷帕累托
M270,缺陷
M271,累计占比
M272,暂无图表数据
M293,永久授权
M294,限期授权
M295,通用设置
M296,PLC 连接
M297,采集策略
M298,班次配置
M299,IP 地址无效
M301,前一小时
M302,前 8 小时
M303,前 7 天
M300,前 24 小时
Conn_Connected,已连接
Conn_Lost,连接断开
Conn_DisconnectedRetry,未连接 (重试间隔{0:F0}s)
Conn_Connecting,正在连接
Conn_ConnectingSuffix,... (第{0}次)
Conn_RemoteConnecting,采集服务 (第{0}次)
Web_Msg_NoDeviceData,暂无设备数据
Web_Msg_WaitingConn,等待连接采集服务…
Web_Msg_EmptyHint,确认 PlcSimulator 与 Kanban.Collector 已启动，且 CollectorHubUrl 端口一致
Web_Msg_NoDevSelected,未选择设备
Web_Msg_SelectHint,从右上角选择要查看的设备
Web_Card_DevStatus,设备状态
Web_Card_ProdStatus,当前生产状态
Web_Card_Alarms,实时故障
Web_Card_Oee,OEE 概览
Web_Card_Output,产量明细
Web_Card_WorkOrder,当前工单
Web_Card_Trend,速度趋势
Web_Card_Shift,班次进度
Web_Card_Source,数据源
Web_Lbl_RealTimeSpeed,实时速度（件/小时）
Web_Lbl_TargetCycle,目标节拍
Web_Lbl_ActualCycle,实际节拍
Web_Lbl_TotalOutput,总产量
Web_Lbl_NgRate,不良率
Web_Lbl_Achievement,达成率
Web_Lbl_Availability,可用率
Web_Lbl_Performance,性能率
Web_Lbl_Quality,合格率
Web_Lbl_Ok,OK 良品
Web_Lbl_Ng,NG 不良
Web_Lbl_Planned,计划
Web_Lbl_Elapsed,已运行
Web_Lbl_Remaining,剩余
Web_Lbl_ConnStatus,连接状态
Web_Lbl_DevTotal,设备总数
Web_Lbl_DataFresh,数据更新
Web_Lbl_SnapSeq,快照序号
Web_Lbl_SvcAddr,服务地址
Web_Lbl_SvcVersion,服务版本
Web_Val_NoAlarms,当前无激活报警
Web_Val_NoWorkOrder,暂无工单
Web_Val_WaitData,等待数据积累…
Web_Val_DynAddr,动态派生 · :5129
Web_Wo_Running,生产中
Web_Wo_Completed,已完成
Web_Wo_Aborted,已终止
Web_Wo_Pending,待开始
Web_Meta_StatusWord,状态字 0x{0} · 目标 {1} 件/h
Web_Meta_QualityRate,合格率 {0} · 不良率 {1}
Web_Meta_PlanWo,计划 {0} 件
Web_Meta_TrendCurrent,当前 {0} 件/h · 采样 0.5s
Web_Meta_ShiftAuto,按班次配置自动计算
Web_Badge_Recent1Min,近 1 分钟
Web_Wo_Progress,{0} / {1} 件
Web_Wo_ProgressPending,-- / {0} 件
Web_Fresh_None,未收到
Web_Fresh_Live,实时
Web_Fresh_Secs,{0} 秒前
Web_Fresh_Mins,{0} 分钟前
License_ActivePermanent,已激活 · 永久授权
License_TrialExpired,试用期已过期
License_TrialManipulated,试用期异常（检测到时间篡改）
License_Expired,授权已过期
License_MachineMismatch,授权与当前机器不匹配
License_Inactive,未激活
M304,检测到系统时间异常，试用期已失效，请输入激活码继续使用。
M305,授权已过期，请输入新的激活码。
M306,授权与当前机器不匹配，请重新激活。
M307,请输入激活码以继续使用。
M308,· 永久授权
M309,程序已在运行，不能重复启动。
K584,表格视图
K585,卡片视图
K587,OEE
K588,OK
K589,NG
K590,总产量
K591,合格率
K592,节拍
K593,运行
K594,详情
K595,暂无
K596,机架
K597,槽位
K598,Modbus 单元 ID
K599,请输入工单号
K600,请输入产品编码
K601,请输入产品名称
K602,请选择绑定设备
K603,计划产量必须为大于 0 的整数
K604,计划结束时间必须晚于开始时间